metric,increment,resource,mean,stddev,data_points
latency,0,cpu,2805.7649999999999,0.0,[2805.765]
latency,0,disk,2805.7649999999999,0.0,[2805.765]
latency,0,network,2805.7649999999999,0.0,[2805.765]
latency,20,cpu,2907.2849999999999,0.0,[2907.285]
latency,20,disk,12803.925999999999,0.0,[12803.926]
latency,20,network,3097.6199999999999,0.0,[3097.62]
rps,0,cpu,0.35999999999999999,0.0,[0.36]
rps,0,disk,0.35999999999999999,0.0,[0.36]
rps,0,network,0.35999999999999999,0.0,[0.36]
rps,20,cpu,0.34000000000000002,0.0,[0.34]
rps,20,disk,0.080000000000000002,0.0,[0.08]
rps,20,network,0.32000000000000001,0.0,[0.32]
latency_50,0,cpu,0.0,0.0,[0]
latency_50,0,disk,0.0,0.0,[0]
latency_50,0,network,0.0,0.0,[0]
latency_50,20,cpu,0.0,0.0,[0]
latency_50,20,disk,0.0,0.0,[0]
latency_50,20,network,0.0,0.0,[0]
percent requests within 100,0,cpu,0.0,0.0,[0.0]
percent requests within 100,0,disk,0.0,0.0,[0.0]
percent requests within 100,0,network,0.0,0.0,[0.0]
percent requests within 100,20,cpu,0.0,0.0,[0.0]
percent requests within 100,20,disk,0.0,0.0,[0.0]
percent requests within 100,20,network,0.0,0.0,[0.0]
