metric,increment,resource,mean,stddev,data_points
latency,0,cpu,74532.0,0.0,[74532]
latency,0,disk,74532.0,0.0,[74532]
latency,0,network,74532.0,0.0,[74532]
latency,60,cpu,67379.0,3299.9455147017202,"[68030, 62365, 66324, 69226, 65875, 66605, 74681, 64665, 65320, 70699]"
latency,60,disk,66258.600000000006,1854.4666726582066,"[63923, 65897, 67046, 68061, 65118, 68741, 63299, 68682, 67049, 64770]"
latency,60,network,66955.399999999994,2936.5990601374237,"[71142, 69728, 65346, 64849, 62011, 69580, 68401, 69188, 63074, 66235]"
